{
    "RECOVERY": {
        "wrist_to_hip": -0.4201119590550661,
        "back_angle": 65.67227179820348,
        "left_elbow": 164.82575604550624,
        "right_elbow": 174.60789249118315,
        "left_knee": 93.50305384960163,
        "right_knee": 113.44775282732196
    },
    "CATCH": {
        "wrist_to_hip": -0.37861096689646895,
        "back_angle": 41.676463195877766,
        "left_elbow": 169.5884517139264,
        "right_elbow": 159.32598256413905,
        "left_knee": 60.430975140013736,
        "right_knee": 44.04434134702172
    },
    "DRIVE": {
        "wrist_to_hip": -0.3799106763167815,
        "back_angle": 73.31621375902529,
        "left_elbow": 170.29905978137757,
        "right_elbow": 158.68708014503662,
        "left_knee": 106.35040417213577,
        "right_knee": 98.32284222861803
    },
    "FINISH": {
        "wrist_to_hip": -0.3034671146509259,
        "back_angle": 103.327387786491,
        "left_elbow": 98.31023176588012,
        "right_elbow": 168.4943377845667,
        "left_knee": 161.524558819306,
        "right_knee": 151.91009134780953
    }
}
